track_id,label
55183,0
120184,6
85816,7
36277,5
56552,7
138041,6
11505,2
3721,7
14809,2
38363,2
80680,5
85957,6
108415,0
61884,3
86486,4
61175,3
256,7
144180,3
146727,3
50264,3
126747,2
116451,2
126188,4
52037,6
55715,7
119118,1
105714,2
87153,7
75752,3
141593,5
73486,7
118196,1
123975,3
110204,1
110448,5
148443,0
131446,6
106342,2
71241,3
64834,6
122080,7
134825,3
97692,3
126104,6
108906,4
122809,6
130927,4
128812,4
123979,3
114936,5
56469,5
109497,7
127469,1
133975,4
43866,3
92124,6
76075,5
123832,7
98624,3
73768,5
45519,2
123273,7
138213,3
126220,4
24742,5
60041,5
33426,5
123834,7
43698,5
4079,5
71513,0
12045,2
143299,4
107388,7
145067,7
134447,0
14745,7
108838,3
140935,1
69747,6
90592,6
25216,5
29602,3
67235,3
11242,1
27455,1
26639,7
106955,7
107434,0
125312,5
100550,0
62452,6
124752,0
118060,4
43623,2
127648,4
11264,7
80002,2
54034,6
126718,4
111397,6
150080,5
51999,5
137152,0
6856,2
3776,5
63472,7
123502,0
129042,4
97393,0
148611,6
145752,0
140626,3
36096,0
97374,1
49477,6
126426,6
56248,6
129882,5
86487,4
22348,6
142670,3
72067,0
126886,4
49848,2
83789,7
132788,6
111225,4
127271,6
6372,5
16995,7
96936,7
44777,2
6407,2
129622,1
4511,5
63149,1
36990,3
116878,0
114389,0
77523,1
46720,1
98346,5
125827,4
120504,4
147021,3
68549,1
139534,4
85831,0
53592,6
21774,1
148288,6
90530,4
130992,4
124184,7
90589,6
123981,3
7383,1
131925,4
98025,7
98299,5
125723,6
43598,5
48368,7
132779,6
113167,2
134509,3
23041,7
62532,5
1736,1
68853,2
132791,6
3598,2
108526,0
108341,0
56651,7
109971,6
43765,5
75869,2
105119,7
98339,5
98578,3
140794,2
145747,3
115592,1
71719,7
73819,1
131922,4
26652,0
78852,3
110546,7
95231,7
44918,7
114061,0
127189,6
58060,1
43521,5
79741,6
50543,7
1642,6
42025,5
144809,1
22093,7
27805,6
132117,3
120330,4
80402,4
3533,6
22474,6
140791,2
144733,0
93727,0
122654,4
108992,7
56275,6
98237,4
33486,1
112780,1
126519,1
119894,4
142361,3
84156,2
127661,4
124517,1
109896,2
135044,2
121813,7
33071,5
99707,0
33459,7
212,2
10684,2
42245,5
67556,7
9721,1
142519,2
43599,5
46839,6
32689,3
32339,6
98584,3
54874,0
108464,0
10535,1
128758,0
112790,1
116456,2
122646,4
104724,1
73767,5
107617,0
126491,2
22478,6
63770,3
94467,3
62003,4
13749,3
135364,7
88864,2
718,2
91306,3
10444,2
111392,6
141894,7
26605,1
138015,2
134951,5
91897,1
143055,0
30095,1
125999,0
111872,4
57272,1
49064,1
23010,0
67365,6
107913,0
89192,3
84405,1
85425,6
111911,7
128992,1
56523,0
122261,1
63291,4
57938,1
48465,0
118478,1
91869,7
148289,6
123467,4
83715,3
110647,4
68843,2
129969,7
84417,1
125286,0
62445,7
118670,2
69798,1
125551,7
14663,6
92551,0
126403,6
48864,1
15488,5
65090,1
110384,2
55807,0
69822,3
121322,3
123490,2
8416,1
114222,4
68682,0
55290,6
43767,5
132420,0
92546,0
368,7
98583,3
81802,4
121651,4
96695,2
10810,6
121736,6
81485,4
132914,7
11862,3
13561,3
26465,2
54297,2
49817,7
110084,3
123342,1
105824,3
79990,2
76129,6
80695,5
114404,7
29042,0
80754,5
120296,4
93920,4
6394,5
108428,6
90625,2
31042,0
7375,1
126015,4
141561,3
60534,5
714,2
40909,1
57177,2
59659,5
128825,1
97586,2
98667,5
125621,4
35182,6
141375,3
111873,4
111747,7
130931,4
47198,1
63290,4
135338,6
25234,5
145708,6
70772,3
13747,3
133020,0
40123,1
12188,6
127188,6
38829,5
52948,2
24842,5
137424,7
132781,6
69904,3
28480,6
19417,6
60478,3
127908,6
13562,0
133560,4
64604,1
67638,0
141304,3
143099,7
56895,6
38352,5
126430,6
111938,3
123974,3
66534,7
24369,5
124971,1
75930,3
85424,6
127275,6
148585,6
47068,0
116517,1
68837,2
129092,7
24368,5
51991,5
149141,4
136331,4
120160,1
120302,4
108059,1
88858,2
68909,7
55237,5
127301,6
96726,2
127277,6
70208,3
67793,3
24702,5
117667,5
133833,7
2096,1
86482,4
52645,0
127303,6
72071,0
47197,1
56874,0
85346,0
113335,0
69793,1
128470,4
126102,6
4097,5
42911,6
134384,6
56497,3
17735,7
145705,6
85420,6
44781,1
10386,2
142528,2
255,7
144172,3
41568,6
1891,7
114392,0
148218,2
88856,2
142534,5
134454,4
120332,4
66536,7
52034,6
111819,0
108313,1
134610,3
85839,0
27406,0
88860,2
47202,1
1682,5
54470,5
91179,5
44779,1
114539,4
59695,5
61007,2
12527,6
90587,6
43843,2
68899,0
29720,3
38817,5
121288,1
95915,3
114063,0
40236,2
56649,7
117666,5
14581,4
42044,7
11204,3
64863,1
6381,5
108425,6
74374,1
36985,3
14738,7
91087,0
65619,7
5006,7
92561,0
111221,4
115812,0
107129,0
114879,5
55232,5
58164,6
147267,3
91797,2
126216,4
108497,3
110266,3
140874,2
126646,4
9559,7
107952,5
51272,6
64861,1
69001,1
134931,5
64590,5
56517,2
111188,2
75221,7
130758,2
7378,1
26013,3
47070,0
58174,6
72605,2
108957,7
87161,0
140871,2
131453,6
140924,0
73363,0
148028,3
64862,1
68862,2
129089,7
93076,2
60317,1
127159,0
11508,2
28479,6
137214,7
128882,1
126900,0
12147,6
148441,0
80755,5
118886,2
57627,1
99311,0
109903,2
17573,1
62188,5
54149,4
82250,1
145727,3
138066,6
133967,4
149687,3
124391,7
27803,1
130934,4
141295,4
41961,7
85419,6
130954,2
1510,1
107804,0
107588,2
70403,7
91102,2
45941,1
121449,0
47194,1
87101,4
148286,6
13706,0
109480,2
43026,5
116759,4
126242,4
134940,5
133971,4
1083,1
132041,2
119727,1
98077,7
129874,5
89857,3
72135,3
122579,6
45119,6
11947,1
40244,2
11868,3
127996,4
114401,7
110736,3
45127,6
127062,2
6331,5
86763,7
14744,7
61587,6
97886,7
85788,7
131540,1
99442,7
94035,4
114409,7
109235,7
81543,4
117614,4
112197,1
148517,6
19418,6
145762,4
105670,0
126417,4
17608,5
56036,0
44793,1
73797,2
125617,4
57271,1
122399,7
110651,4
146151,3
60143,5
45149,0
51273,6
80000,2
54624,7
144454,4
52955,2
40683,0
27856,2
43865,3
75903,7
73370,0
116175,4
134791,4
139112,2
52945,2
64535,0
1706,7
51305,1
67829,1
45474,7
12346,1
71515,0
128879,1
48861,1
7377,1
106566,7
3535,6
27987,5
131919,4
119545,1
26654,0
59724,5
20432,5
149714,4
60038,5
143046,0
135224,5
63159,1
97286,7
6330,5
142516,2
108488,3
107852,2
85967,2
129190,4
45153,0
114289,0
36988,3
81945,2
9918,1
32686,3
96900,1
125287,0
4838,7
44354,1
126292,0
152103,5
145777,4
7528,6
116457,2
118195,1
89639,0
87189,6
75434,4
50449,7
55713,7
121656,4
139537,4
47199,1
114941,5
96898,1
115472,4
93918,4
122631,4
127206,6
116491,4
114411,7
6778,7
144423,0
126404,6
1102,7
75782,7
130369,6
57939,1
9477,1
113336,0
145744,3
120333,4
120513,4
106343,2
33067,5
53728,5
120518,7
148070,5
110103,0
112821,1
116448,2
54365,3
126559,1
29816,0
36614,6
113359,2
16997,7
115597,1
25669,5
130133,0
86485,4
57819,3
73365,0
127265,2
21228,3
86762,7
47506,2
60045,5
129088,7
127302,6
66535,7
63064,0
87642,0
6396,5
78849,3
12046,2
138018,4
133632,7
109687,3
36275,5
93942,6
48269,1
86730,1
139123,7
128815,4
121662,4
14661,2
47076,0
117450,7
56033,1
145555,2
137172,4
45102,0
81512,4
19416,6
114006,4
131951,5
143098,7
117886,7
19187,7
73584,2
124185,7
69787,1
98554,3
108847,3
55437,6
40133,7
71938,7
71225,3
111186,2
49066,1
127290,6
140,2
43173,5
105141,7
116586,1
45122,6
6370,5
129807,3
666,5
5171,2
126979,2
131903,2
110983,7
146150,3
42030,5
98576,3
82629,5
114291,0
13596,7
141873,0
126669,7
134936,5
66187,2
120304,4
80774,5
121985,1
145751,3
38955,6
109976,6
112317,7
71243,3
131449,6
126882,4
138317,7
32759,6
37324,6
48439,0
148131,4
131950,5
117288,0
98028,5
56247,6
12485,2
424,1
117631,2
147023,3
137895,3
131953,5
126778,2
64407,5
24739,5
147409,7
6383,5
98620,3
6443,3
124411,1
91796,2
117160,4
122395,7
114396,7
75383,3
118277,1
147126,4
133567,4
74383,1
138063,6
125183,2
61491,7
27258,2
115773,4
95506,7
110104,0
13666,7
40903,7
135089,1
63045,7
128799,1
112526,7
14579,4
118988,1
10675,7
120172,2
13218,6
113110,4
96944,6
42373,0
116243,0
36371,6
143218,7
114231,4
75395,3
91309,3
98229,1
3832,2
123866,7
146683,3
60535,5
133780,2
91163,6
45100,0
44791,1
41095,7
109972,6
147309,4
121735,6
111396,6
59686,5
150266,4
95250,7
6357,5
126671,7
117945,5
43868,3
64366,6
148214,2
4233,5
11917,3
118958,1
1082,5
43695,5
25031,5
10387,2
90527,4
99391,5
87186,6
63789,3
63250,2
58539,7
57821,3
137715,7
67412,7
72288,7
129097,7
38902,1
131796,4
75754,3
115591,1
133802,2
4076,5
56521,2
113281,5
40139,7
12350,2
63999,6
143186,1
89456,3
91161,6
44092,0
108812,3
64093,1
42235,5
99362,5
92556,0
53159,5
148124,4
52451,4
67362,6
75786,7
122511,4
49856,2
100976,0
128494,3
57937,1
14741,7
123427,7
129398,5
121314,3
44110,1
93075,2
11298,3
60755,5
116753,4
11777,3
89848,3
40237,2
45513,2
5159,2
85436,2
12690,5
7373,1
1544,2
117251,4
115850,1
118972,1
92535,2
540,2
58166,6
42241,5
113808,6
704,5
93364,0
112976,4
68353,6
11918,3
113030,3
108305,2
12531,3
144549,2
73465,6
11268,7
114393,0
45522,2
13199,3
74372,1
49062,1
86259,1
55236,5
109901,2
144740,3
29744,1
141264,1
15475,1
75933,3
112481,3
98297,7
62527,5
4096,5
68844,2
134922,5
85954,6
52642,0
69791,1
110735,3
141137,4
122353,2
121594,6
4067,2
148216,2
145551,2
75935,3
88863,2
17635,5
6442,3
91622,0
108492,3
36147,0
88861,2
145754,0
119025,1
10485,2
6606,3
130368,6
84141,1
50752,7
56498,3
69208,0
111385,6
104668,7
112000,4
134510,3
75386,3
133574,4
12352,2
143309,4
112488,3
126885,4
19184,7
64919,7
55113,3
69723,7
53729,1
137212,7
127269,6
100958,3
92949,4
62751,6
75399,3
113278,5
127180,6
73466,6
92574,1
16878,3
74370,1
98626,3
36959,6
45393,4
126416,4
27981,5
73568,2
16744,5
38784,5
126317,4
134054,0
11766,3
43867,3
135229,5
118087,1
60864,5
76130,6
53576,2
75747,3
92540,2
48488,5
126223,1
34167,3
73769,5
108840,3
6366,5
96675,3
64995,3
114239,4
108079,7
51112,1
38882,1
122648,4
67121,7
126018,4
129683,2
60547,5
124183,4
21657,6
120203,6
24422,3
67360,6
111311,7
11779,3
84736,4
44794,1
87070,0
13197,6
108490,3
126667,7
56646,7
85596,6
128885,4
127187,6
122622,4
132453,2
125004,7
8357,1
108025,4
142576,5
150268,4
69823,3
46241,1
19423,6
144810,1
43517,5
55123,3
48452,6
129187,4
135373,7
116704,2
54666,6
135039,2
39664,6
41191,2
73099,1
50448,7
96167,5
3910,2
47660,0
123097,2
108498,3
39359,7
98298,5
147020,3
55295,6
92275,0
146725,3
58162,6
50444,7
83512,6
140875,2
72784,3
142570,5
85840,0
67558,7
137418,7
4037,2
149422,1
121591,6
73341,0
86040,4
108863,5
122805,6
141594,5
90074,0
110263,3
137720,7
59682,5
58135,2
110259,3
124876,4
26010,3
87363,7
135223,5
37781,1
116464,1
149488,7
114042,3
138413,2
65063,0
127266,2
6857,2
56804,0
64007,6
145704,6
143221,7
134979,2
123971,3
109481,7
91793,2
10809,6
52954,2
48863,1
136469,3
145759,0
145706,6
115775,4
147059,1
13191,6
108878,4
43863,3
120199,6
4071,5
23353,0
101868,1
107251,5
126602,1
125817,4
107128,0
143217,7
140566,0
123506,0
41825,6
109957,6
45055,7
92466,0
75927,3
32328,6
111378,6
141590,5
133976,4
111335,7
10382,2
115926,2
152480,4
615,1
149523,7
107579,2
127720,7
7488,3
141616,0
98300,5
58541,7
4108,7
14572,4
5879,2
116527,4
123965,3
56694,5
139992,0
107799,7
86799,7
108475,4
14318,5
126291,4
97793,1
113696,5
47200,1
14542,3
36999,5
131791,4
39658,6
122578,6
149690,3
14684,2
127287,6
126234,4
4522,0
59454,6
68404,7
146970,2
103600,0
143290,3
122911,7
147295,2
141619,0
84605,6
59702,5
127210,4
126401,6
52044,6
139804,1
61670,6
120300,4
81895,1
122083,7
29480,2
29738,1
128443,3
72131,3
97043,3
142575,5
141567,3
44798,1
58542,7
100949,3
137605,7
115272,5
145431,4
142089,3
61736,6
129392,6
40938,7
25029,5
116525,1
113273,5
18887,7
91081,0
54464,5
68896,0
81033,2
38353,5
137722,7
108460,6
52122,5
99395,5
137998,7
44947,5
47659,0
140266,1
131554,7
131982,4
12387,6
55186,0
145552,2
125721,6
116119,1
58474,6
104277,0
197,2
106274,7
75883,2
11946,1
114076,4
86576,1
44804,1
49849,2
61668,3
19074,6
121930,5
122364,2
43869,3
29528,0
127519,4
129040,4
119719,2
110267,3
40233,2
42126,1
25233,5
53937,6
91468,6
64365,6
120298,4
11677,5
29128,6
108846,3
99393,5
80518,4
19707,2
64989,3
127343,0
126510,1
114880,5
85494,1
70655,3
133019,0
62749,6
46058,1
8256,2
131900,2
13668,0
36302,3
38776,5
35204,1
85952,6
136276,4
32332,6
62448,6
29718,3
126584,4
119895,4
98553,3
126674,7
86116,6
107532,4
127484,1
64079,6
120776,4
60548,5
128699,7
133538,4
123438,3
105196,2
77564,6
24365,5
29971,2
131985,4
113303,7
81457,4
16821,7
143215,7
10442,2
145241,7
118569,3
52036,6
83613,4
74362,0
62192,5
126227,1
63191,7
97846,0
120779,1
131979,7
95911,3
24367,5
74376,1
77521,1
71721,7
3492,7
144212,3
41147,0
74388,1
73519,7
70300,0
127288,6
55826,5
125192,2
31044,0
64519,3
72069,0
111150,4
122066,7
146019,4
115473,4
145702,6
72782,3
70873,6
88874,2
22088,3
124186,7
37417,3
113020,6
81803,4
123509,6
132954,3
4799,7
67366,6
26600,1
24429,3
36099,0
94039,4
83507,6
10381,2
133435,4
54443,5
51262,6
107595,2
137561,1
114070,4
99704,0
26658,0
74546,2
130168,3
122201,1
89991,1
56929,7
112788,1
11783,3
129910,3
126354,6
1701,2
128504,7
69789,1
112978,4
113023,6
91620,0
120771,4
117169,4
116446,2
100535,0
83511,6
4781,7
125377,6
110779,3
42139,1
32800,2
142553,6
144545,2
11839,3
72129,3
114940,5
32338,6
79985,2
84096,0
17344,6
706,5
73193,7
4234,5
7391,1
107046,6
144474,2
11933,7
92952,4
128476,6
114387,0
9678,1
3778,5
35008,1
45392,4
137173,4
32437,0
42029,5
54570,5
127356,5
88899,7
126490,2
12552,6
59823,1
123969,3
42048,6
26765,6
64990,3
59709,5
64988,3
76440,2
67661,7
80341,5
99361,5
52641,0
120099,6
57648,2
44950,5
110417,7
22479,6
133446,4
97544,0
84091,0
70878,6
6448,3
115002,4
97542,0
126276,4
44778,1
27198,5
36983,3
110637,7
125288,0
142097,4
39667,6
113305,7
133024,0
53588,2
66058,2
54578,5
92874,1
110688,0
72930,1
81084,2
112789,1
114942,5
26656,0
59706,5
43516,5
32329,6
122651,4
36966,6
97540,0
124554,0
22296,3
111399,6
37368,6
38908,1
81189,1
108524,0
58215,3
47196,1
108426,6
57662,7
137462,0
113344,2
99096,3
82930,4
107911,0
534,2
99438,7
141167,3
112199,1
43962,2
56467,5
87966,2
7483,3
7710,2
94037,4
86788,7
123821,7
1066,1
814,2
86678,3
62165,6
114045,3
108339,0
80758,5
10695,3
148076,5
147269,3
11019,1
149701,0
995,1
85973,2
25804,5
89178,3
45389,4
108880,4
37416,3
46162,1
7527,6
74375,1
130084,7
61160,3
12047,2
118496,1
75926,3
49812,7
10438,2
35734,2
35198,1
127870,5
108020,4
80687,5
72210,0
108531,0
55119,3
12692,5
45128,6
126316,4
128469,4
33203,0
133969,4
115892,4
705,5
138256,1
148285,6
47707,1
134094,1
134933,5
148444,0
145550,2
133731,7
130456,3
11775,3
1924,2
142539,5
127804,0
125237,1
113932,6
63626,1
131986,4
115814,0
145609,7
86256,1
104067,6
21422,0
104008,2
59718,5
136321,0
10575,2
45518,2
141562,3
30522,0
97545,0
111390,6
125681,4
122247,1
54063,2
16747,5
126406,6
28482,6
127915,6
107048,6
108429,6
10192,3
74445,2
109712,1
35199,1
68860,2
110440,2
67232,3
148212,2
114884,5
101112,5
71715,7
26322,1
54665,6
5936,2
60537,5
122352,2
21998,6
38824,5
60144,5
120329,4
52119,5
26301,1
67333,6
132789,6
83960,1
38890,1
73371,0
61821,7
13378,6
127203,6
85307,6
84198,0
134918,5
131918,4
18038,5
52128,5
127207,4
53496,0
149185,0
114050,3
122932,2
37111,4
121454,0
144546,2
1685,5
49067,1
48444,6
21891,0
143995,7
140565,0
108343,0
121592,6
71516,0
137168,4
55234,5
17345,6
69762,2
11818,3
64409,5
73124,0
75692,6
126231,4
85599,6
91177,5
29355,5
113019,6
114408,7
139769,7
130265,6
36567,1
56795,0
114201,7
1733,1
134448,0
59876,7
130347,2
37727,7
42761,7
67336,6
18043,5
76437,2
97373,1
58221,7
132679,4
6855,2
51114,1
133459,4
99374,5
68356,6
145730,3
127912,6
75612,4
27164,6
126103,6
105722,1
56692,5
51292,6
49842,2
12050,2
62528,5
144600,4
137627,7
73100,1
113270,5
3912,2
95910,3
79973,1
54626,7
130372,6
18159,2
108422,0
69197,0
116236,0
92888,1
122645,4
48464,0
113511,7
4688,3
87100,4
131941,5
12551,6
81576,4
110650,4
31040,0
115930,2
16879,3
55292,6
25608,5
68582,0
52041,6
145005,2
71230,3
138040,6
108050,1
126289,4
120331,4
11786,3
108525,0
110439,2
40238,2
88875,2
144548,2
111306,7
86416,3
62194,5
148290,6
139777,4
142084,3
75432,4
98770,0
37730,7
6463,2
63805,3
144801,4
72070,0
41812,7
126743,2
97424,0
139637,1
134929,5
133448,4
19442,6
58207,3
92549,0
128845,1
36428,0
64516,3
148113,4
11937,6
129808,3
40509,1
75785,7
119899,4
61010,2
105826,3
37423,3
56687,5
122635,4
110684,1
55719,7
52630,0
132142,5
123647,3
122632,4
42984,1
21231,6
52123,5
1663,6
14690,1
115764,7
96935,7
43024,5
4508,5
38904,1
145199,7
38351,5
132567,4
133272,7
91458,7
32336,6
107908,0
38966,1
106465,7
137907,2
106564,7
67639,0
60477,3
109448,2
109349,7
108456,6
144550,2
6517,7
62005,4
74365,0
137630,7
24898,1
89447,3
96693,2
140934,0
133293,1
54625,7
42463,2
144471,2
106456,2
144935,6
18350,2
55293,6
88848,2
46078,3
71249,3
62450,6
133572,4
47865,2
38557,7
42377,0
66073,0
53457,0
111460,1
122168,1
148603,2
125809,4
19441,6
137899,3
11772,3
121273,1
141166,3
72468,3
130218,3
114279,0
85490,2
125620,4
98618,3
71253,3
145758,0
120320,4
152254,5
11790,3
69784,1
51120,6
92562,0
44347,1
139776,4
13538,5
134934,5
42234,5
59681,5
55235,5
82881,1
133942,4
91085,0
87104,4
32327,6
121661,4
87965,2
33069,5
51111,1
65039,0
129973,7
130349,2
85486,2
64918,7
49394,1
137719,7
131794,4
25796,5
143304,4
133457,4
82890,1
72046,2
53724,5
114414,7
4685,3
98575,3
25605,5
122503,6
146478,7
52636,0
108299,2
131536,7
7481,3
114232,4
46157,0
73778,5
73175,2
152253,5
113789,4
73561,0
57968,7
113294,7
133333,1
114558,0
124460,7
4849,5
84152,1
69188,6
118922,0
64787,6
38781,5
42243,5
21895,0
65779,0
71231,3
140922,0
123278,7
79975,1
200,2
122685,7
132139,5
117161,4
4779,7
44949,5
106877,7
122807,6
119584,6
148513,6
55714,7
5,3
44782,1
75437,4
134453,4
26906,0
64858,1
129624,1
91958,2
108018,4
44917,7
33050,2
24975,1
108882,4
125616,4
148079,5
142088,3
56034,0
117630,2
36643,6
109144,1
129695,2
64537,0
132122,6
148077,5
130137,0
92366,0
81613,4
54467,5
144936,6
149778,1
35544,6
12490,2
131938,5
36388,6
64006,6
141592,5
138306,7
72233,0
119575,1
5170,2
14585,4
153955,6
114064,0
120196,6
89704,7
83439,2
54032,6
73550,3
112781,1
56798,0
91459,7
135226,5
87103,4
110102,0
48931,1
62195,5
70409,7
143300,4
71255,3
133545,4
127299,6
110765,3
43019,5
110771,3
118279,7
117846,1
29719,3
61493,7
117884,7
59561,7
129051,6
64593,5
130683,7
107389,7
120111,6
111400,6
111395,6
897,1
54163,7
73921,6
148133,4
133434,4
52000,5
40229,2
85692,2
58173,6
130454,3
135368,7
134388,6
142950,7
46928,6
86481,4
119898,4
126944,7
97215,2
75433,4
23013,0
85343,0
129879,5
42046,3
26014,3
126606,1
149143,4
14584,4
99389,5
125313,5
100479,3
150018,6
42020,5
131436,6
122457,0
66717,7
136054,7
37041,1
46043,1
105671,0
142672,3
148773,0
26036,3
148234,2
26674,7
38907,1
110274,1
56686,5
114374,4
53157,5
72206,0
12066,2
55402,7
94263,0
132019,1
62594,5
61012,2
148002,4
96902,1
85966,2
114384,0
79977,1
29526,0
131924,4
55828,5
11239,1
80517,4
7385,1
57665,5
109973,6
73520,7
105451,3
119922,7
36616,6
91088,0
64796,6
11861,3
91178,5
117669,5
12654,6
110629,1
81999,4
129094,7
70302,0
122499,6
134446,0
148602,2
81193,0
25055,6
121472,4
144938,6
132964,3
74937,2
72287,7
67364,6
122500,6
1735,1
57823,3
71714,7
6609,3
133276,7
135340,6
40250,4
80519,4
133729,7
73372,0
126455,2
54154,4
10377,1
141293,4
145606,7
82780,3
43858,3
126505,1
114037,3
97568,3
60549,5
94419,7
91185,5
11234,1
131553,7
23016,0
126603,1
62742,6
10481,2
108499,3
129674,3
33124,0
126414,4
81638,4
9307,1
28070,7
125337,1
8372,1
9511,7
38881,1
146689,3
116489,4
78851,3
108495,3
20375,4
142078,0
14363,3
138415,2
190,2
3765,7
122799,6
90982,3
135369,7
98238,4
131764,6
21996,6
143097,7
122533,6
110691,0
9512,5
126410,4
59675,5
84158,2
892,2
52448,4
64601,1
3532,6
127349,0
121453,0
113166,7
121660,4
141143,4
4099,5
148075,5
15543,1
133273,7
14316,5
115176,4
32687,3
43965,2
24747,5
73775,5
113279,5
107257,5
114943,5
149689,3
131385,1
144944,6
125824,4
129923,5
69201,0
77952,0
117961,1
144170,3
66525,4
15471,1
122087,7
73495,4
139933,0
52638,0
24512,1
126600,1
62586,7
142098,4
12394,3
51276,6
32694,3
71247,3
108885,4
85438,2
120313,4
12518,6
104227,7
91621,0
47916,7
95724,4
99703,0
118276,1
11921,3
150017,6
63457,2
37731,7
38321,5
73587,2
690,7
142362,3
4835,7
105682,7
64993,3
119900,4
96560,7
105917,2
210,2
43899,3
10671,7
116758,4
48493,5
44946,5
36994,3
7489,3
54468,5
73174,2
130752,4
111229,4
131980,4
40656,4
122363,2
112316,7
136134,2
133968,4
18112,1
110982,7
115735,7
144551,2
87191,6
31807,2
126883,4
61172,3
131451,6
49843,2
42138,1
133973,4
60037,5
141168,3
94036,4
95564,1
45523,2
141286,4
4101,5
10388,2
138406,2
131939,5
43533,5
115267,5
126219,4
138218,3
110410,7
135043,2
56559,7
121415,7
145260,7
116547,7
108024,4
29180,6
122397,7
111224,4
140258,0
128473,4
53379,3
35537,7
3263,2
79575,7
63255,2
127285,6
64992,3
67707,1
10385,2
133456,4
138064,6
73192,7
24420,3
29245,6
138016,2
69170,0
42375,0
68355,6
1661,6
74390,1
123760,4
51265,6
124425,2
78998,3
143219,7
128471,4
26021,3
36481,7
136467,3
53862,0
11200,6
133551,4
28179,0
64333,0
130945,2
135371,7
52631,0
43018,5
140939,1
73772,5
115948,2
119369,1
81938,2
44236,3
107184,5
99369,5
115766,7
107427,0
88960,7
111937,3
117626,4
134795,4
121929,5
78845,3
73306,7
98838,0
116098,4
136320,0
1666,6
66180,2
144424,0
129401,5
141288,4
138320,7
44796,1
117944,5
110775,3
23329,1
98203,0
78516,3
94426,3
92951,4
67017,2
72056,2
126283,4
147191,0
135370,7
127286,6
39607,0
91934,2
116345,0
75378,3
124177,4
108012,2
138067,6
59727,5
132786,6
114274,3
58052,1
104357,2
142093,3
74377,1
123441,3
131656,7
129880,5
52861,1
65893,2
17633,5
144542,2
114390,0
56496,3
114275,3
25606,5
72200,0
142085,3
11020,1
86562,7
55242,5
3950,7
24370,5
97794,1
116707,2
43768,5
51655,2
149103,6
107533,4
71693,3
119896,4
123835,7
9962,7
26008,3
75438,4
107810,6
1427,7
93915,4
3833,7
74348,7
110743,3
120315,4
43857,3
73776,5
3762,7
145746,3
50754,7
74386,1
129806,3
98579,3
117472,6
149082,6
110209,1
100959,3
80766,5
129402,5
64338,3
44780,1
42376,0
59660,5
82931,4
75371,3
3895,5
87121,7
73340,0
105887,2
118502,1
67016,2
119992,3
85828,0
118923,0
6854,2
38834,5
115923,2
145653,6
87160,0
11780,3
108300,2
89817,0
122475,6
59726,5
6783,2
132775,0
140620,3
115475,4
9550,7
110652,4
60533,5
58341,0
66076,0
6342,5
123764,4
104063,7
86419,7
66649,6
68410,1
88486,1
12348,2
69947,7
113787,4
64536,0
29255,6
126598,7
135028,2
115262,5
92950,4
38779,5
55430,6
86117,6
52628,0
87643,0
36799,1
148532,2
72134,3
89376,1
26641,7
98657,5
75373,3
122079,7
91851,7
120306,4
109537,0
55288,6
140609,3
90804,1
44799,1
118063,4
69732,0
135010,2
28274,7
62187,5
41381,6
126717,4
113164,7
75783,7
14570,4
50272,6
114040,3
105890,2
112210,4
12051,2
144940,6
110111,0
58161,6
142094,4
54580,5
130956,2
56493,3
16095,6
108416,0
54152,4
148114,4
52120,5
108866,5
118951,4
64253,1
155066,3
26169,6
60472,3
138578,0
128709,7
153946,2
125185,2
68891,0
75750,3
29530,0
71617,7
132141,5
73770,5
140583,2
20373,4
15771,0
134445,4
87102,4
105920,2
142418,7
128881,1
116871,4
105717,2
41605,1
35569,0
1732,1
142563,7
64865,1
6459,5
822,6
67331,6
110261,3
42789,7
109449,2
66539,7
144470,2
110206,1
64840,6
138216,3
108865,5
625,2
127037,4
68820,7
125820,4
39378,1
61161,3
17884,0
138207,7
20296,1
53381,3
131767,6
127339,7
88870,2
141303,4
76121,7
109684,3
32525,6
25032,5
125193,2
6389,5
108836,3
38912,1
84485,0
1681,5
120328,4
11673,5
133431,4
111367,6
122620,7
56010,1
127263,0
6367,5
95486,6
110208,1
12985,2
129053,6
97940,0
114405,7
18034,5
30895,0
98557,3
77522,1
75749,3
73368,0
108533,0
142079,0
125432,7
21409,6
17906,6
11638,4
135221,5
14386,3
8363,1
72514,6
127532,1
71246,3
101116,5
110681,1
127497,4
33068,5
113275,5
126607,1
110744,3
71174,3
6358,5
51113,1
126605,1
92948,4
126294,7
97814,1
125333,1
129405,5
6603,3
128816,4
148607,6
44822,5
97894,7
12532,6
92282,0
87108,4
146968,2
122081,7
69222,0
55238,5
91900,1
91471,6
121665,4
24741,5
133022,0
126427,6
98617,3
108016,2
43594,5
81792,4
147413,7
47657,0
118629,0
82914,4
107188,5
117287,0
149100,6
51659,2
29741,1
80520,4
35550,6
1930,7
40245,2
141,2
12484,2
123488,4
69830,3
106277,7
113018,6
75787,7
114283,0
114298,0
91228,2
121659,4
51158,1
60474,3
144592,0
136137,2
129403,5
131911,4
7713,2
148130,4
81586,4
96169,5
72064,7
138060,7
148186,2
97588,2
134034,7
53578,2
72234,3
54064,2
49072,1
126187,4
149625,3
133332,1
112001,4
113266,5
7872,7
107949,5
103521,4
60146,5
5268,3
12508,2
127294,6
12053,2
111394,6
36145,0
62591,5
73335,0
111220,4
150287,3
122106,1
21400,6
68841,2
55289,6
51278,6
108017,4
132118,3
142572,5
89484,2
107594,2
31888,5
1195,2
141173,7
125315,0
21995,6
123986,3
54481,5
110082,3
43691,1
1249,1
47894,6
75427,3
114532,4
11765,3
129915,3
142568,5
11262,0
38775,5
82892,2
107597,2
123935,0
38323,5
24216,1
12353,2
46854,6
91790,2
59374,7
620,2
106952,7
40851,0
110230,1
118950,4
42031,5
107435,0
7482,3
48446,6
48046,1
55120,3
32334,6
124179,4
126884,4
131901,2
74302,1
30090,1
122472,7
1689,5
5191,6
113971,0
42475,7
65780,0
69949,7
119579,1
26007,3
131552,7
38879,1
126226,1
26020,3
66537,7
67361,6
90826,6
95248,7
136324,0
4232,5
115817,1
56028,0
110452,5
85592,6
109925,0
142579,5
55102,3
35549,6
129997,7
129904,3
64788,6
131899,2
125298,0
122633,4
102092,1
109276,1
84486,0
75418,3
129925,5
115765,7
58116,6
69792,1
129439,2
53727,5
11951,1
83954,1
36097,0
73777,5
122621,4
10669,7
80389,4
148217,2
98619,3
121570,7
57936,1
39660,6
12513,2
129919,3
111371,6
107950,5
52409,0
119715,7
24432,3
83913,1
49068,1
122357,2
129926,5
47826,1
28375,1
108502,7
142569,5
118507,1
54437,5
86793,0
83718,3
67765,2
64008,6
93867,7
116528,4
75381,3
61814,7
30690,1
44948,5
1687,5
119828,4
58140,2
36618,6
122806,6
33461,7
127498,4
145432,4
125614,4
97406,1
133535,4
35541,7
129056,6
139775,4
108969,7
73658,2
117629,2
92947,4
55100,3
106570,7
61820,7
86623,2
111393,6
118674,2
38822,5
112528,7
26298,6
127722,2
114235,4
139638,1
127798,1
139523,2
121251,7
82464,7
12537,6
114556,0
129186,4
84142,1
139520,2
141877,7
107178,5
12146,6
141564,3
80515,4
91623,0
825,7
14601,5
79995,2
125680,4
138069,6
131797,4
141074,4
57440,1
106937,2
11306,7
55287,6
26859,0
137484,1
129876,5
142128,7
52035,6
138355,7
84057,1
59679,5
96901,1
59683,5
75441,4
112133,1
130964,2
93868,7
24915,1
89212,1
131984,4
5376,2
81814,4
134937,5
149775,1
125618,4
146989,1
139862,1
113788,4
98556,3
142381,4
139993,0
132790,6
110689,0
42018,0
58170,6
149417,7
119939,3
90278,1
75442,4
127914,6
126105,6
58053,1
11784,3
24362,5
113950,2
118952,4
127184,6
110927,2
128472,4
22477,6
58063,1
52121,5
84195,0
47100,6
122808,6
104065,6
139226,0
113263,5
124913,0
126243,4
123970,3
120305,4
112318,7
126320,4
129375,6
1040,7
56688,5
138215,3
44805,6
86262,7
107506,7
6677,1
136322,0
12488,2
143220,7
32756,2
91181,5
132793,6
49847,2
41310,2
71507,0
75393,3
26017,3
50446,7
97548,0
51006,5
80775,5
24515,1
139522,2
47662,2
95309,7
29044,0
127878,1
88869,2
24912,1
114372,4
30702,1
128500,2
121450,0
145918,0
71620,7
89859,3
119571,7
54062,2
71158,3
139990,0
138351,7
55710,7
126319,4
11504,2
28376,1
55291,6
57435,6
75425,3
85595,6
120772,4
1039,7
108505,7
112770,0
81436,4
91098,2
54719,0
120105,6
36560,6
53863,0
54433,5
56495,3
131439,6
62533,5
51776,4
138311,7
87644,0
125823,4
3906,2
125189,2
49478,3
46158,0
109538,0
116526,4
124181,4
37779,1
97279,4
110437,2
112468,3
47192,1
59671,5
145464,0
126520,1
62163,6
126241,4
55718,7
25378,0
107591,2
132794,6
36961,6
118739,2
87151,7
3763,7
150078,5
144943,6
134077,2
6607,3
11942,0
139532,4
129406,5
126887,4
123980,3
121321,3
49401,1
113025,6
57943,1
52522,7
97690,7
116467,4
62531,5
123001,0
119583,1
87096,4
57630,1
88868,2
148235,2
54019,1
75415,3
99392,5
144473,2
98549,3
69833,3
144547,2
94101,7
102114,1
72928,1
72477,0
122625,4
15476,1
27613,5
131792,4
16994,7
84777,0
122804,6
91130,1
61174,3
114294,0
64091,1
94026,7
138022,4
43699,5
148586,6
125812,4
123002,0
17462,7
121595,0
136404,7
48865,1
143941,4
62526,5
69763,2
34263,1
75764,0
140576,7
103519,4
122456,0
69200,0
94423,6
17637,5
122935,2
27550,6
147085,1
124175,4
143532,0
94411,0
9846,1
56470,5
19438,3
79606,0
18146,6
69303,1
14586,4
145917,0
133978,4
145755,0
112584,1
56520,2
52632,0
56689,5
37920,0
134486,6
3707,2
107432,0
49845,2
193,2
140621,3
84291,7
105713,2
93917,4
14208,0
34996,1
16158,6
62337,7
11776,3
148215,2
59725,5
134084,2
119187,6
64594,1
126230,4
105414,0
54436,5
52508,2
72783,3
145610,7
125814,4
56801,0
40182,1
43021,5
99390,5
75784,7
134793,4
122671,4
32882,3
137175,4
120469,0
91317,3
120327,4
81623,4
94634,6
108342,0
118070,0
75396,3
123641,3
147087,1
68894,0
41018,5
145742,3
45514,2
124477,6
114266,3
125612,4
64629,3
108306,2
36615,6
104064,6
115935,2
127193,2
46160,0
132449,2
83438,2
60871,5
45390,4
19759,6
57417,0
27798,0
24217,1
36987,3
3266,2
85027,7
120467,0
83908,1
122623,4
111387,6
84136,1
106951,7
87194,6
73675,2
111216,1
546,2
56471,5
88877,2
75443,4
80834,0
69826,3
126318,4
13201,3
96400,7
92887,1
35534,7
120515,4
1686,5
25795,5
127660,4
47835,6
115293,4
92564,0
81988,4
107125,0
129927,5
111182,2
108503,7
93940,0
107851,2
56803,0
112211,4
105145,7
64592,5
66689,0
72073,0
100536,0
14365,3
58070,1
127278,6
120109,6
152418,5
58543,7
137901,3
105672,0
60994,1
110438,2
98228,0
81365,1
119574,7
43589,5
125815,4
33477,1
47071,0
132448,0
55831,5
86081,1
143989,7
47195,1
127663,4
59449,6
105411,0
17132,2
123458,4
118223,1
109357,7
120323,4
19760,6
7490,3
120183,6
14589,4
120177,2
71694,3
96168,5
144216,3
127520,4
29750,1
133561,4
47868,2
120178,2
49846,2
75403,3
91184,5
69205,0
114536,4
17605,5
137054,0
21859,7
44820,5
27855,2
14588,4
4784,7
141568,3
148519,6
125187,2
113935,6
14539,3
38354,5
73564,0
50955,4
13768,3
24717,5
96946,6
137563,1
47074,0
21403,6
87193,6
148510,6
10376,1
118920,0
37147,7
119725,2
6332,5
100544,0
86443,7
87192,6
92206,5
131325,4
132773,0
22480,6
90027,1
37911,4
110260,3
38825,5
69767,2
116872,2
69727,7
55480,1
4682,3
113342,2
123966,3
114410,7
12530,6
85309,6
32435,0
28546,0
36992,3
52859,1
116447,2
93941,0
94102,7
67332,6
6376,5
148231,2
12179,6
97960,0
77517,1
116706,2
147022,3
78847,3
4836,7
108842,3
148078,5
113259,5
146153,3
116407,3
107569,2
59663,5
39259,1
43860,3
112486,3
123964,3
131789,4
125191,2
67598,2
87155,7
125777,7
109960,6
69198,0
12349,2
1684,5
66648,6
129675,3
146988,1
140421,7
85484,2
120778,4
64591,5
10806,6
56800,0
65040,0
85347,0
26464,2
122360,2
127541,1
59719,5
19689,6
85421,6
81554,4
113034,3
64859,1
134826,3
39659,6
122153,1
97585,2
80696,5
19890,5
27454,1
108837,3
78984,3
137567,7
109711,1
60777,5
47072,0
45391,4
145041,0
73820,1
57820,3
154308,3
106876,7
120207,6
115762,7
10805,6
89815,0
42247,5
62449,6
88900,7
64542,0
107584,2
132455,2
19758,6
18145,6
107476,7
111388,6
20376,4
105144,7
133835,5
82778,3
75862,2
85953,6
23014,2
126017,4
22091,3
64332,0
56799,0
43593,5
122088,7
22095,0
207,2
108307,2
73343,0
64659,7
110110,0
139935,0
86140,1
114198,7
142552,6
87324,6
56888,1
126673,7
114051,3
83898,1
40230,2
55101,3
38830,5
137898,3
31356,2
123973,3
138410,2
126014,4
148606,6
86484,4
67760,6
7712,2
79986,2
56797,0
12486,2
56031,1
104282,0
109535,0
80686,5
126719,4
98669,5
54623,7
108026,4
53589,2
133433,4
145748,3
65777,0
73566,2
114386,0
95912,3
113311,7
112483,3
148302,1
16880,3
29745,1
86725,1
111147,4
36245,0
107593,2
69765,2
52449,4
42751,6
90993,3
134444,4
7495,7
112485,3
11682,5
134643,1
54469,5
134949,5
47201,1
57360,1
87430,7
130370,6
110774,3
146018,4
61591,6
42135,1
110623,1
109445,2
107535,4
52042,6
7711,2
127191,2
63117,7
87645,0
96728,2
6439,3
2097,2
85837,0
30050,3
114293,0
75376,3
111372,6
144543,2
30041,3
1704,2
131952,5
59721,5
37859,7
116101,4
56693,5
75937,3
24418,3
14734,7
142529,2
124154,1
144487,1
145183,4
75908,7
21676,6
105914,2
36526,7
142566,5
145757,0
6363,5
51291,6
4778,7
82915,4
66405,7
125314,5
34258,1
115011,4
40147,1
126295,7
139936,0
113022,6
74393,1
110107,0
123977,3
94631,6
110928,2
9560,7
33465,7
129962,7
54496,1
51157,1
121915,5
117887,7
115698,0
85308,6
95727,4
4070,5
64517,3
129049,6
71371,7
62748,6
111227,4
111398,6
119379,1
133837,5
113274,5
117885,7
62595,5
92538,2
38887,1
44853,1
26653,0
72781,3
108883,4
84056,1
68531,3
24423,3
117252,4
85955,6
39188,1
33538,7
113027,6
126521,1
147886,3
154413,6
30519,0
70005,1
128711,7
113969,4
144741,3
119578,1
64630,3
74908,7
57628,1
124480,6
81781,4
47073,0
91187,5
122107,1
112314,7
11763,3
59666,5
87641,0
715,2
21860,7
107021,3
7374,1
122359,2
145002,2
108493,3
56641,3
108423,0
85691,2
122474,6
116344,0
3265,2
123899,2
38965,1
62753,6
91788,2
89196,3
52129,5
124509,1
120309,4
11503,2
97590,2
54159,4
121976,1
70813,7
137423,7
107028,3
119580,1
93712,2
1649,6
141284,4
142574,5
52634,0
35444,1
108884,4
137426,7
51785,0
3273,2
11206,0
139117,7
113282,5
66650,6
133544,4
111391,6
85317,0
4777,7
124870,1
18039,5
114398,7
117670,5
127209,4
12067,2
10527,1
676,3
116242,0
39291,0
90828,6
107596,2
108841,3
125159,0
34484,2
3920,2
91315,3
122683,7
63161,1
12351,2
81071,1
24748,5
96731,2
135337,6
58225,7
113035,3
114544,0
48990,7
138581,0
133972,4
132140,5
104279,0
116833,7
105683,3
118738,2
60758,5
131326,4
53586,2
79593,2
14578,4
124555,0
133537,4
144587,6
51992,5
6382,5
149750,6
130016,7
56648,7
97961,0
127194,2
142359,3
23155,5
36997,3
146458,0
114415,7
38365,5
99441,7
87971,2
100972,0
38783,5
132424,1
132963,3
56274,6
87377,0
70303,0
26583,1
62185,5
123505,0
91625,0
113031,3
85485,2
131934,5
122999,0
149712,4
48456,6
149842,1
69827,3
42019,0
75317,6
14320,5
78850,3
1278,1
121664,4
137174,4
109685,3
91319,3
46611,1
43585,5
23063,1
38399,2
122084,7
76077,5
111222,4
98670,5
709,5
3766,7
123762,4
93074,2
152568,4
134962,5
95310,7
121734,6
108427,6
98206,0
13927,2
108421,0
115294,4
106629,4
126522,1
73761,5
112490,0
124754,0
110172,2
44849,1
113277,5
36659,0
71885,1
116735,4
6385,5
72076,0
121346,1
149140,4
85950,6
116099,4
24366,5
114236,4
114041,3
56029,0
85310,6
109900,2
98681,5
695,3
8261,2
116455,2
88873,2
113203,1
61742,6
31041,0
115888,4
54160,4
107429,0
70657,3
118000,1
6440,3
125195,2
114036,3
134359,0
3840,7
46068,1
124996,7
84139,1
134824,3
62592,5
85039,0
59078,7
148210,2
24428,3
110711,1
133977,4
14739,7
23505,0
146017,4
129816,5
56640,3
126398,6
62750,6
52953,2
120303,4
142081,0
26012,3
63755,3
38312,1
91164,6
22481,6
117612,4
112209,4
82929,4
133803,2
145553,2
132134,0
116261,1
142533,5
10186,5
144552,2
126232,4
141566,3
126400,6
110085,3
26629,0
66641,6
140344,0
139772,4
114371,4
19415,6
76659,0
32001,7
84159,2
124470,7
147265,3
114066,0
75788,7
38560,5
154306,3
133798,2
4509,5
37784,1
136091,7
122362,2
53154,5
118058,4
98625,3
99364,5
64841,6
68854,2
121452,0
24371,5
111379,6
80776,5
6469,5
1720,7
116873,2
32081,7
43030,5
107912,0
11671,5
80697,5
85482,2
130989,4
9555,7
116388,3
57629,1
122810,6
75748,3
82462,7
114292,0
135220,5
27552,6
87106,4
10447,2
83509,6
45151,0
134981,2
91868,7
83600,4
39298,7
120112,6
116883,2
139003,4
129185,4
145780,7
82932,4
113564,1
55711,7
111149,4
12048,2
59687,5
117942,5
113267,5
43535,5
13928,2
15540,1
151404,0
10383,2
123868,7
68838,2
129391,6
67457,1
111015,4
120317,4
10443,2
141139,4
12174,3
108879,4
124231,1
64247,1
145556,2
6406,2
145887,4
51301,1
124992,7
54482,5
137419,7
4013,2
75391,3
3909,2
16745,5
54037,6
112196,1
107189,5
149700,0
120189,6
25227,5
52950,2
136708,7
68407,1
60865,5
132138,0
138023,4
55294,6
43861,3
115891,4
62446,6
40843,0
11672,5
129620,1
75428,3
145756,0
71692,3
143060,0
127211,4
12986,2
132042,2
115927,2
105712,2
16337,6
117668,5
69768,2
19413,6
122204,1
111148,4
70654,3
84200,0
68587,0
23372,0
138020,4
129098,7
97847,0
88846,2
52447,4
68680,0
145068,7
6379,5
70773,3
120325,4
12355,2
133770,1
65037,0
25063,1
62196,5
71622,7
66638,0
89179,3
75440,4
52649,0
4022,7
108967,7
108459,6
38326,5
130693,7
66636,0
59373,7
7709,2
120188,6
108314,1
154307,3
87069,0
119095,1
18037,5
42851,7
63804,3
115290,4
141182,6
126512,1
120179,6
52380,6
4520,0
89445,3
59562,7
84097,0
124917,0
111153,4
93983,7
27667,0
128710,7
72785,3
146961,2
143039,1
85427,6
133571,4
140262,0
135363,7
3271,2
72074,0
32330,6
124877,4
49473,6
82919,4
109963,6
113276,5
83717,3
110778,3
119993,3
14571,4
148246,7
80765,5
137631,7
132677,4
115761,7
129742,0
115269,5
123494,2
121658,4
145003,2
25670,5
119988,3
125291,0
27551,6
137417,7
7491,3
87325,6
20362,4
92873,1
142517,2
28266,7
137725,7
57164,2
114069,4
121869,7
129090,7
43621,2
109468,7
85422,6
114048,3
36986,3
115771,4
113933,6
117172,4
97570,3
86038,4
108968,7
142433,4
142402,7
98580,3
39875,1
67766,2
51269,6
27945,1
99436,7
125826,4
116390,3
118734,0
85038,0
40241,2
33221,0
997,1
140261,0
128927,3
127268,6
85951,6
146879,0
12189,0
130944,2
107951,5
107031,3
108230,0
146724,3
90618,4
105919,2
141618,0
75417,3
4788,7
11544,1
94033,4
75429,4
43883,1
116736,4
113016,6
14603,5
109106,1
10439,2
10676,7
118068,4
81083,2
111226,4
108308,2
48491,5
134052,0
43886,1
25215,5
140584,5
136466,3
14576,4
91162,6
41019,5
34994,1
26642,7
38450,1
707,5
105022,1
84095,0
3537,6
40655,4
11787,3
113272,5
993,7
81037,2
141141,4
126412,4
134943,5
108867,5
28072,7
139521,2
126290,4
65752,3
26904,0
116757,4
114047,3
108477,4
11794,3
113702,1
48489,5
99419,7
133943,4
111936,3
130955,2
4072,5
111935,3
99261,0
40985,7
138212,3
19073,6
145729,3
68821,7
111368,6
69788,1
126225,1
148430,5
150265,4
91084,0
43029,5
91160,6
64515,3
113265,5
126773,0
114534,4
120770,4
49061,1
52040,6
108839,3
145020,7
115273,5
128619,4
24425,3
57439,6
87098,4
13578,1
107598,2
91755,0
105413,0
11778,3
101873,1
54466,5
74421,2
136465,3
25066,0
108471,4
81565,4
33064,0
69204,0
51479,1
56249,6
125239,1
44169,1
42659,2
61008,2
91791,2
118059,4
14590,4
67784,3
141903,6
123501,0
73585,2
84743,7
68897,0
123932,0
58169,6
7376,1
148031,3
121866,7
12061,2
124892,1
32337,6
54753,3
127186,6
86118,6
27549,6
126215,4
134443,4
125778,7
127911,6
54475,5
52126,5
137167,4
11199,6
63224,6
99093,3
121657,4
134586,4
137632,7
142129,2
127869,5
107426,0
98551,3
71175,3
146639,2
87967,2
136709,7
1443,1
45387,4
12691,5
57661,7
20364,4
54150,4
71506,0
14742,7
134823,3
32340,6
11791,3
43844,3
131422,3
5169,2
118987,1
89486,2
82918,4
82920,4
120773,4
121663,4
67764,2
113946,2
115700,0
44803,1
40121,1
48367,7
32325,6
37538,1
86795,7
137166,4
135372,7
136449,3
61453,3
131020,3
99095,3
71937,7
55809,0
72513,7
78213,2
87097,4
80751,5
97589,2
88867,2
67233,3
83437,2
64627,3
80753,5
143058,0
148610,6
27456,1
114268,3
75310,6
136323,0
148112,4
29721,3
10670,7
40235,2
131935,5
4848,5
13804,3
1259,1
57639,2
108487,3
106463,7
22315,5
48463,0
10682,2
2099,6
110648,4
80835,0
12482,2
153452,6
109447,2
112768,0
30230,3
73467,6
97962,0
96408,7
33049,2
131327,4
116881,0
106339,2
4095,5
144942,6
138217,3
149776,1
41714,1
82157,4
119413,1
667,5
82630,5
43697,5
77519,1
87158,0
133553,4
14733,7
139995,0
57892,7
75430,4
121739,6
48317,1
62189,5
145608,7
55783,0
74960,1
134389,6
139687,1
38893,1
123934,0
126587,4
2012,1
131978,7
133970,4
24363,5
11782,3
119582,1
122003,1
114238,4
136994,5
38878,0
123645,3
64631,3
126516,1
99135,0
55149,0
133444,4
39661,6
14063,0
21087,2
47032,7
12376,6
41983,4
49030,2
107534,4
1075,1
80004,2
45520,2
97841,1
68600,3
44801,1
69564,3
56802,0
142083,3
26174,6
21672,6
75762,0
110436,2
67557,7
147956,7
129875,5
6354,5
20424,1
138053,7
38522,7
126186,4
36380,0
127181,6
51954,0
40725,0
43063,1
131567,1
138061,7
106568,7
122355,2
35535,7
54621,7
82505,2
96729,2
39316,1
112587,1
59678,5
124392,7
98236,4
142086,3
136928,1
131476,4
1087,7
123938,0
29740,1
72215,0
125190,2
57442,1
69223,0
61011,2
56499,3
96401,7
105715,2
60875,5
64789,6
55827,5
28260,7
97980,3
106522,1
118384,7
92881,1
146726,3
38435,7
23172,7
46024,7
43596,5
91318,3
105664,0
95908,3
140259,0
138282,7
134928,5
113037,3
18031,5
82916,4
123096,2
113934,6
1069,1
134948,5
135375,7
108473,4
114049,3
153956,6
64628,3
113036,3
72786,3
67470,0
98656,5
91329,7
120775,4
114412,7
127276,6
113264,5
110106,0
63208,2
80003,2
46841,6
67500,1
121654,4
57344,1
94465,3
53152,5
26902,0
12064,2
125816,4
121593,6
89477,2
84757,7
98666,5
110451,5
114200,7
59680,5
58117,6
116453,2
123004,0
129043,4
22000,6
71250,3
132792,6
68839,2
119940,3
113973,0
131913,4
12058,2
124201,7
127495,4
110108,0
40908,1
115471,4
120322,4
152262,5
3908,2
128811,4
90987,3
118484,1
148187,2
54236,6
80772,5
42238,5
147268,3
127205,6
139663,1
140790,2
4846,5
68898,0
62193,5
68579,1
32218,0
10807,6
144477,2
44850,1
43766,5
133576,4
85792,7
107249,5
20704,6
127190,2
107953,5
136468,3
120468,0
103522,4
29039,0
114199,7
56468,5
53299,5
52118,5
73169,2
114416,7
138414,2
90529,4
122086,7
13711,0
51784,0
46079,1
128477,6
108031,7
76069,5
120307,4
128441,3
113970,0
38780,5
29351,5
74959,1
100497,0
40232,2
73123,0
65064,0
38888,1
115271,5
75925,3
109686,3
47665,6
81491,4
3904,2
98202,0
75401,3
134930,5
40657,4
142132,2
78833,3
73170,2
138070,6
80351,5
73369,0
96402,7
3921,2
138021,4
114072,4
20372,4
10673,7
150288,3
97958,0
99439,7
102195,7
54664,6
75763,0
46733,6
88892,2
108961,7
110611,1
59708,5
97989,3
127192,2
134959,5
69193,0
133294,1
28553,0
118489,1
62001,3
85823,0
119897,4
137724,7
98613,3
141875,0
127330,7
144472,2
120150,1
122143,1
150073,5
142358,3
78843,3
133102,4
122498,6
6779,2
72068,0
43586,5
92292,2
107187,5
4068,2
63065,0
71822,0
116733,4
135990,0
38821,5
142565,5
2,3
88879,2
124518,1
64408,5
31999,7
144215,3
142947,7
47077,0
64864,1
95722,4
98251,7
149623,3
48437,0
108881,4
38900,1
123000,0
95535,7
48815,2
110264,3
31889,5
75379,3
30487,6
109350,7
71157,3
138319,7
149075,6
52001,5
113268,5
119942,3
110630,1
96166,5
148132,4
148,1
57663,7
75844,2
14569,4
63470,7
116068,0
127865,5
116465,1
85822,0
115769,4
60048,5
42240,5
63757,3
17632,5
75374,3
123147,3
149139,4
30198,1
60757,5
116868,4
93716,2
97547,0
59688,5
82893,2
114395,7
121320,3
113334,0
76076,5
1680,5
63289,4
3708,2
118257,1
137211,7
73764,5
54479,5
52946,2
64854,1
80793,0
110634,7
141297,4
86721,1
133450,4
126300,7
34003,1
127155,1
66469,1
133580,4
7386,1
68601,3
141874,0
106954,7
108970,7
87099,4
147780,0
96692,2
52452,4
38899,1
29961,3
43588,5
122627,4
85593,6
43016,5
574,7
32433,0
96627,1
49073,1
3905,2
127280,6
10375,1
141179,6
148287,6
107956,5
71244,3
17610,5
55549,3
145703,6
107250,5
71508,0
110777,3
75314,6
118085,1
45475,7
76078,5
75436,4
112487,3
126588,4
75435,4
85693,2
76073,5
67308,0
18607,7
88854,2
55233,5
43608,1
97848,0
16820,7
107248,5
132589,1
40659,4
146481,7
97283,4
66637,0
88959,7
72149,1
121737,6
68354,6
694,3
119027,1
144214,3
143307,4
54703,2
47193,1
75377,3
99501,3
37131,0
91894,1
56639,3
7011,0
133436,4
128760,0
7393,1
38894,1
91443,2
97887,7
51004,5
10435,1
127871,5
108418,0
70206,3
146687,3
12109,5
16339,6
46711,1
98701,7
89846,3
115922,2
65265,1
93981,5
127360,5
56645,7
111416,0
113512,7
36273,5
64625,3
130711,3
73522,7
28477,6
90526,4
129188,4
120470,0
38820,5
117970,1
6674,1
68872,1
21587,6
69785,1
142535,5
26651,0
116882,0
97216,2
126670,7
130170,3
43022,5
116487,4
80005,2
105142,7
107050,6
74371,1
13708,0
68683,0
24218,1
56695,5
149727,4
122675,4
109904,2
121317,3
38828,5
70768,3
72456,7
86680,3
24901,1
94099,7
54234,6
115772,4
141292,4
46844,6
22472,6
97041,3
126557,1
42236,5
4519,0
85835,0
26659,0
98031,5
21404,6
57540,0
54735,7
114545,0
57371,4
38886,1
136275,7
148208,2
103523,4
64334,0
36257,0
107391,7
104434,1
11770,3
107910,0
148514,6
43592,5
91157,6
20818,1
59667,5
150062,2
40141,7
104009,2
122959,1
130948,2
145043,1
15770,0
152543,3
44795,1
130933,4
54465,5
55572,3
40986,7
37725,7
42045,3
78848,3
42844,7
66646,6
23371,2
126409,4
122630,4
115125,1
29243,6
30120,1
89841,3
66644,6
44802,1
40134,7
43518,5
27610,5
113453,0
46736,6
123442,3
86761,7
111401,6
97569,3
76375,1
75375,3
101864,1
108845,3
119941,3
6782,2
64364,6
96738,5
54667,6
122132,1
139110,2
148613,6
112975,4
41965,7
133445,4
11919,3
67357,6
72738,7
52646,0
119026,1
42017,5
10250,4
115470,4
6675,1
45126,6
3538,6
6519,7
73309,7
53229,6
85598,6
114234,4
15487,5
97697,3
60857,5
57175,2
129399,7
64523,3
126185,4
134631,1
108290,7
55285,6
134801,0
93523,0
64520,3
105673,0
12526,3
149777,1
108843,3
47471,7
130682,7
113260,5
113949,2
66483,1
113810,6
40239,2
69781,7
116383,1
72612,2
26022,3
114403,7
14580,4
114413,7
92573,1
60754,5
4450,2
14391,3
9505,1
56460,6
62164,6
141299,4
124461,7
114074,4
24427,3
95725,4
63258,2
125819,4
99373,5
115263,5
123968,3
38818,5
140923,0
115288,4
125002,7
125238,1
133454,4
143237,6
44854,1
50539,7
113360,2
73821,1
998,1
72787,3
51261,6
73773,5
29037,0
139491,4
73822,1
123094,2
135989,0
123976,3
125003,7
52045,6
74942,2
20366,4
148537,7
19425,6
3720,7
45515,2
86417,7
128668,3
26016,3
118012,1
111230,4
112529,7
38785,5
95308,7
15773,0
6387,5
123978,3
69210,0
87154,7
113701,5
21085,0
821,6
75419,3
115268,5
81600,4
122354,2
46717,1
128886,4
47670,6
73763,5
26655,0
124875,4
17496,3
49857,2
12514,2
124483,6
11299,3
142532,2
52124,5
130136,0
6390,5
143303,4
108494,3
41820,6
145259,7
4017,2
44355,1
41054,1
110441,2
145189,4
25104,6
139773,4
14735,7
111389,6
56796,0
39665,6
110205,1
41192,2
73342,0
104283,0
123487,4
83790,7
69181,6
133563,4
109203,7
98302,5
72146,1
116029,0
64035,7
133579,4
68851,2
64521,3
148584,6
1683,5
121922,5
38892,1
55436,6
130709,3
108420,0
142080,0
42442,7
63044,7
145475,4
13707,0
133562,4
145027,7
40234,2
117057,1
105412,0
135342,6
105719,1
118891,2
126749,2
26643,7
71510,0
117610,4
459,7
109670,3
29041,0
107433,0
152261,5
107185,5
33415,5
19439,3
64866,1
13930,2
98573,3
92868,7
53807,7
74380,1
28483,6
59684,5
63226,6
85290,0
96759,7
44951,5
131932,5
85487,2
118504,1
130923,0
23015,2
83440,2
90617,4
64005,6
89816,0
142564,5
27802,6
10521,1
13709,0
56516,2
94034,4
84009,2
48293,0
133638,2
136138,2
111933,0
44952,5
121987,1
144945,6
126668,7
126221,1
35443,2
21058,1
121313,3
66482,1
127559,7
72059,2
19673,5
18032,5
130702,3
72130,3
51271,6
39484,1
38961,6
72075,0
68573,1
10808,6
97986,3
4510,5
148305,1
36322,2
97407,1
45154,0
21842,0
52502,2
28692,7
52947,2
40984,7
128813,4
89847,3
119193,6
110105,0
128484,6
96678,3
140788,2
85318,0
48492,5
130131,0
71096,0
69766,2
68540,1
36435,0
30056,3
11334,1
126782,2
85963,2
116449,2
27975,5
139994,0
109355,7
60331,1
107025,3
140564,0
138038,6
18876,1
1644,6
65077,5
113261,5
96399,7
13220,6
92125,6
132040,2
97845,0
127296,6
125156,0
46159,0
142551,6
113284,5
3274,2
73318,7
113033,3
138025,4
26466,2
152324,6
20050,7
95914,3
150267,4
137900,3
59673,5
118957,1
38901,1
115699,0
141901,6
40842,0
72289,7
146149,3
63936,1
58334,7
127867,5
145728,3
122626,4
5158,2
107659,7
114391,0
104062,7
44792,1
57640,2
74385,1
52639,0
61452,3
134923,5
110450,5
123504,0
120462,0
105918,2
140043,7
35007,1
67660,7
80001,2
73580,2
62191,5
66757,4
122510,4
133443,4
72927,1
4507,5
10698,3
129400,5
122832,0
145711,6
75431,4
5156,2
86037,4
27195,5
16354,7
7526,6
51203,1
8208,7
27177,0
12052,2
41573,4
143319,7
138579,0
10679,2
19422,6
134932,5
105685,3
39900,1
108774,3
93518,0
138010,7
132962,3
133016,0
48015,7
29045,6
4091,5
76079,5
777,7
49441,7
107583,2
28481,6
129268,7
139991,0
122800,6
142531,2
56465,5
123003,0
98555,3
87968,2
125818,4
38826,5
45125,6
47069,0
97987,3
110207,1
129052,6
115292,4
3761,7
113280,5
81782,4
12487,2
127494,4
105408,0
113574,7
69726,7
126407,6
134449,4
81612,4
40598,1
73792,6
130367,6
123099,2
72476,6
131166,7
7529,6
11916,3
92508,7
17606,5
126297,7
1277,1
24430,3
108868,5
135986,0
33460,7
45521,2
117632,2
54480,5
37136,6
146713,3
65234,1
54335,0
108527,0
154414,6
3725,7
62671,0
111413,0
107182,5
129889,5
122504,6
138071,6
78839,3
131657,7
126675,7
142666,3
29813,7
36144,0
14869,0
70207,3
131773,6
113822,7
64248,1
38884,1
148120,4
68551,1
126899,0
108019,4
24521,1
94803,0
127358,5
121653,4
29742,1
94638,6
69196,0
119830,4
69211,0
91183,5
148099,1
120769,4
152258,5
108500,3
139937,0
133015,0
82507,2
47661,2
69002,1
141878,7
69209,0
126189,4
11792,3
83791,7
141876,4
40242,2
93943,6
117611,4
148066,5
76072,5
133681,4
134073,2
52125,5
22094,3
142538,5
99411,7
63733,3
125182,2
38827,5
116239,0
90616,4
134939,5
69202,0
58540,7
75746,3
70301,0
107850,3
70425,6
133447,4
55286,6
21232,6
52860,1
38898,1
63287,4
74392,1
63900,3
56805,0
213,6
66643,6
33070,5
98627,3
86039,4
52579,3
64860,1
47510,7
36272,5
50276,2
57274,1
126489,2
120471,0
108304,2
29587,3
32021,7
52648,0
111386,6
4073,5
141617,0
91159,6
141283,4
139485,4
28485,6
109542,0
149370,3
122624,4
129886,5
41962,7
91238,2
123439,3
86679,3
145710,6
74669,7
137990,2
133025,0
108808,3
126413,4
128482,6
114375,4
121998,1
79087,1
35608,6
70423,6
56519,2
114223,4
153337,3
125779,7
82631,5
55097,3
109356,7
135228,5
138062,6
125289,0
126586,4
121323,3
139461,7
133836,5
138065,6
43856,3
137723,7
32326,6
129444,2
32438,0
85291,0
4102,5
56691,5
111974,7
85492,2
132434,1
118084,1
64855,1
79616,3
107957,5
25030,5
51275,6
14653,7
119257,7
51118,1
4787,7
131323,4
73760,5
115723,0
121319,3
63251,2
75975,1
92565,1
117627,2
142948,7
67367,6
127916,2
134797,4
87188,6
16163,6
1925,2
139770,7
24749,5
117966,1
90639,7
124915,0
50445,7
111994,4
133449,4
126047,7
71245,3
61679,6
108155,7
108474,4
119097,1
33123,0
96718,7
113972,0
120324,4
14358,3
34511,6
75936,3
80756,5
126224,1
37113,4
32439,0
117883,7
139954,0
121740,6
110447,5
48042,1
126180,4
91093,7
14737,7
65745,3
126601,1
130371,6
13767,3
138024,4
126240,4
46855,6
113063,7
141180,6
148535,2
120316,4
57179,6
111146,4
49071,1
92539,2
111982,7
42014,5
72058,2
141164,3
126506,1
81650,4
83558,3
63803,3
69199,0
134941,5
111228,4
116870,4
26035,3
69554,3
32760,6
112785,1
57891,7
44848,1
143106,7
109446,2
10458,2
145761,0
92954,4
137151,0
114242,0
114212,4
94414,0
142571,5
73469,6
4080,5
122398,7
26861,0
110265,3
11675,5
43534,5
86634,6
67637,0
53158,5
98577,3
127273,6
142573,5
124874,4
61734,6
122199,1
47895,6
18044,5
79978,1
107425,0
71709,6
127359,5
45099,0
149078,6
71228,3
120782,1
114296,0
74373,1
142641,4
10440,2
99274,1
60776,5
124484,6
39605,0
35527,7
125154,0
107571,2
91083,0
23156,5
88429,6
10983,1
91938,2
142096,4
71511,0
144475,2
126016,4
145760,0
69744,6
145059,1
19412,6
131933,5
114237,4
107029,3
9887,2
114282,0
85787,7
71884,1
28608,6
59710,5
114402,7
133437,4
128888,4
131923,4
98655,5
48494,5
129395,5
52633,0
126408,4
37325,6
69825,3
131917,4
99440,7
59720,5
4785,7
133788,2
135341,6
117171,4
69206,0
72790,3
61589,6
148612,6
37369,6
41819,6
4078,5
48454,6
129055,6
126720,4
62180,4
107805,7
71133,2
100973,0
10694,3
60873,5
98301,5
124873,4
57626,1
111154,4
74378,1
64896,1
6605,3
20369,4
129397,5
108461,6
62589,5
30316,1
57500,7
109978,6
120319,4
194,2
133028,0
57569,7
1276,1
132454,2
114559,0
82917,4
92885,1
64252,1
3722,7
10696,3
114044,3
66390,0
134053,0
87639,0
145004,2
71691,3
130440,3
116760,4
11679,5
131292,7
30636,1
43023,5
48453,6
73565,0
118499,1
94422,2
113032,3
111376,6
91899,1
60544,5
129404,5
118672,2
59653,5
141310,0
36143,0
86119,6
38905,1
133639,2
116389,3
3880,2
70174,1
27612,5
71695,3
133027,0
15210,3
70002,1
204,2
145750,3
148604,2
20667,0
125774,7
58068,1
110768,3
10441,2
62436,6
80611,1
143057,0
68537,1
75390,3
149101,6
117173,4
8056,7
148516,6
34510,1
25124,6
145607,7
131912,4
139681,1
10693,3
116177,4
54576,5
38859,1
131902,2
143296,4
43859,3
69203,0
48442,0
22001,6
140873,2
136705,7
62655,7
110653,4
49029,2
3775,5
71173,3
148032,3
95452,4
22295,3
127662,4
55782,0
143216,7
25668,5
10,6
6373,5
21677,6
104010,2
143239,4
48457,6
5521,1
134919,5
89860,3
1197,2
129046,7
42372,0
11764,3
8345,1
75928,3
67237,7
110756,3
74706,7
70402,7
10389,2
123933,0
85041,0
91349,6
62186,5
92548,0
6380,5
114400,7
71276,7
67007,6
120308,4
69207,0
55810,0
122686,7
92284,0
99041,0
46726,3
130952,2
141285,4
71242,3
140625,3
130953,2
135374,7
55709,7
81082,2
6802,5
46718,1
112315,7
86483,4
4069,2
100835,0
119745,1
114073,4
59669,5
144941,6
29746,1
52141,1
141902,6
47896,6
67368,6
90591,6
137721,7
118498,1
11769,3
73344,0
114976,1
6684,1
38964,1
132568,4
108864,5
602,2
59677,5
40940,7
99375,5
46846,6
147412,7
124916,0
137169,4
15880,5
129914,3
13540,5
81362,1
138068,6
19179,7
97988,3
1196,2
93704,2
71172,3
45335,6
9888,2
98623,3
108302,2
57822,3
13735,3
60872,5
12062,2
21167,0
68892,0
119063,1
49476,3
52629,0
108529,0
38895,1
120466,0
123523,4
148609,6
60170,2
130134,0
7554,1
56696,5
115816,0
51268,6
121451,0
126429,6
11261,6
146343,1
98204,0
13474,0
131016,3
138318,7
39904,1
93919,4
4098,5
54662,0
97211,2
89992,1
65755,6
137171,4
83612,4
27611,5
66690,0
115925,2
134580,4
23862,0
111934,3
66074,0
71512,0
51919,2
9513,7
80516,4
140316,1
70774,3
123468,4
75412,3
119994,3
118735,2
133452,4
4521,0
33424,5
92283,0
4100,5
64553,2
74671,7
52446,4
98621,3
17644,1
54031,6
78038,1
1703,2
116877,0
109068,1
14743,7
126415,4
69182,6
111658,7
116587,1
11773,3
132678,4
126229,4
114077,4
18877,1
69985,0
58061,1
68538,1
107578,2
121316,3
126746,2
116514,1
6788,7
144171,3
34257,1
112588,1
132778,6
114388,0
59451,6
144182,3
110171,2
130135,0
126233,4
9155,1
146483,7
100745,0
130922,0
40658,4
83903,1
110980,7
14577,4
50753,7
107047,6
55240,5
147261,3
53160,5
15542,1
129091,7
129887,5
71420,0
61492,7
107126,0
6467,2
149124,3
32331,6
18033,5
116235,0
21402,6
135225,5
129095,7
113530,7
87152,7
117991,1
132795,6
98348,5
152545,3
109958,6
133441,4
117473,6
64522,3
113304,7
19674,5
94093,7
56472,5
112769,0
143061,0
4780,7
92878,1
118500,1
67163,7
73762,5
48307,1
66783,6
120161,1
18611,7
51918,2
38778,5
127036,4
37141,4
32693,3
126550,1
93519,0
57418,4
70660,3
140789,2
141291,4
134792,4
14602,5
58115,6
64893,1
129918,3
107574,2
128887,4
120299,4
70424,6
56030,5
81660,4
108037,7
110070,3
136995,5
124872,4
132675,4
129054,6
130937,2
145042,0
130129,0
41020,5
118505,1
11198,6
67010,6
114065,0
45388,4
15469,1
84135,1
99368,5
122650,4
77572,6
79988,2
40542,3
11767,3
96657,3
38833,5
109189,4
20374,4
115767,4
107577,2
73494,1
75194,6
59664,5
49039,6
11922,3
124180,4
12521,7
3913,2
84058,1
42310,7
122085,7
30043,3
129048,6
115392,0
112668,1
117946,5
126218,4
134385,6
62184,5
93710,2
38777,5
132784,6
126214,4
108014,2
5264,3
42966,1
58054,1
6611,3
41570,2
104356,2
85817,7
7381,1
99372,5
127208,4
4684,3
123614,3
30520,0
14693,2
43696,5
13325,7
65038,0
121652,4
15094,1
39278,1
47663,2
26681,7
43761,2
87490,7
109974,6
124482,6
108478,4
127350,0
55712,7
99363,5
64895,1
90652,7
154303,3
104284,0
38896,1
116490,4
51923,0
127542,1
86720,1
111151,4
52862,1
98552,3
69828,3
90582,6
119979,3
59711,5
14344,0
108457,6
13670,3
43028,5
4782,7
101893,1
129372,6
122190,7
128666,3
144934,6
112583,1
83969,7
127331,4
10541,1
100478,3
124753,0
40844,0
94348,7
52501,2
98668,5
3911,2
59443,6
98349,5
83911,1
95251,7
125161,0
124702,3
108318,1
76381,1
114430,7
122647,4
68592,3
67553,0
126786,2
48443,0
82410,1
64331,0
40240,2
110167,7
112088,1
31392,2
74389,1
129972,7
91937,2
68895,0
82628,5
42119,1
34147,2
118062,4
108301,2
52389,6
85040,0
119901,4
143214,7
134947,5
67600,2
93363,0
134935,5
108532,0
9553,7
